epoch,accuracy,loss,val_accuracy,val_loss
0,0.9387500286102295,24.521207809448242,1.0,0.6936749219894409
1,0.996874988079071,0.6924464702606201,0.9925000071525574,0.6931024789810181
2,0.9950000047683716,0.6925786733627319,1.0,0.6941540241241455
